Soil,Abundance,Richness,shannonH,Evenness
Black,33.8707346638166,6.2094014741089705,0.18176371746194786,0.02978554163662029
Red,42.93308747341612,6.113373318662398,0.13018964431222566,0.023786159292473623
