Treatment,Abundance,Richness,shannonH,Evenness
Inside,177.0,44.6,3.41399183997101,0.9008530262264538
Outside,146.35,39.2,3.348047110872392,0.9146901298015049
