Soil,Abundance,Richness,shannonH,Evenness
Black,4217,1046,83.65042714145333,22.46717615372404
Red,4020,1076,85.7302702751248,22.852217229099672
