Treatment,Abundance,Richness,shannonH,Evenness
Inside,5310,1338,102.4197551991303,27.025590786793614
Outside,2927,784,66.96094221744784,18.293802596030098
