Soil,Abundance,Richness,shannonH,Evenness
Black,168.68,41.84,3.3460170856581333,0.8986870461489616
Red,160.8,43.04,3.429210811004992,0.9140886891639869
